contexto_id,contexto_nome,contexto_subtitulo,tipo,titulo,ano,duracao,autor_produtor,descricao,porque,destaque,ordem,url,thumbnail_url,acesso,servico,servico_url,idioma_original,portugues,pt_tipo,gratis_rank,acao
atos,Atos dos Apóstolos,"Igreja nascente, missão, Espírito Santo e expansão do Evangelho",Filme,"Paulo, Apóstolo de Cristo",2018,1h48,Andrew Hyatt / Sony Pictures,Drama sobre os últimos dias de São Paulo em Roma. Lucas visita o apóstolo preso enquanto registra a memória da Igreja nascente.,Ajuda a compreender a fidelidade de Paulo diante da perseguição e o ambiente humano da Igreja dos primeiros cristãos.,não,90,https://www.sonypictures.com/movies/paulapostleofchrist,https://images.weserv.nl/?url=www.sonypictures.com/sites/default/files/styles/max_860x460/public/chameleon/title-movie/DP_3969450_TC_1400x2100_DP_3969451_PAUL_APOSTLE_OF_CHRIST_2000x3000_EST.jpg?itok=g_fVfmmG&w=520&h=700&fit=contain&we,Aluguel/compra,Serviços de terceiros,,🇺🇸 EN,Possível em serviços,Verificar no serviço se há dublado ou legendado em português,6,Ver detalhes
atos,Atos dos Apóstolos,"Igreja nascente, missão, Espírito Santo e expansão do Evangelho",Série,Atos dos Apóstolos — Roberto Rossellini,1969,5 episódios,Roberto Rossellini / RAI,"Dramatização extensa do livro dos Atos, acompanhando a Igreja nascente desde Jerusalém até a missão de São Paulo.",É a principal indicação audiovisual para acompanhar a narrativa de Atos como um todo.,sim,10,https://www.raiplay.it/programmi/attidegliapostoli,https://images.weserv.nl/?url=media.fstatic.com/yPSFlHCfgtvWAOZvm_X2mHB_bKg=/350x525/smart/filters:format(webp)/media/movies/covers/2019/07/Atti_degli_Apostoli.jpg&w=520&h=700&fit=contain&we,Gratuito,RaiPlay,https://www.raiplay.it/programmi/attidegliapostoli,🇮🇹 IT,Não identificado,Sem confirmação de áudio ou legenda em português,2,Assistir / abrir
atos,Atos dos Apóstolos,"Igreja nascente, missão, Espírito Santo e expansão do Evangelho",Série,São Paulo,2000,2 × 90 min,Rai / Lux Vide,"Minissérie sobre a conversão, a missão e as viagens de São Paulo, em estreita relação com os acontecimentos narrados em Atos.","Excelente para visualizar Damasco, a missão entre os gentios e as viagens apostólicas.",sim,20,https://www.raiplay.it/programmi/sanpaolo,https://images.weserv.nl/?url=luxvide.it/wp-content/uploads/2022/06/800x1140_bibbia_San_Paolo_en-360x510.jpg&w=520&h=700&fit=contain&we,Gratuito,RaiPlay,https://www.raiplay.it/programmi/sanpaolo,🇮🇹 IT,Não identificado,Sem confirmação de áudio ou legenda em português,2,Assistir / abrir
atos,Atos dos Apóstolos,"Igreja nascente, missão, Espírito Santo e expansão do Evangelho",Série,Atos dos Apóstolos — vídeo gratuito 1,,YouTube,YouTube,Vídeo gratuito indicado pelo usuário como opção de aprofundamento sobre Atos dos Apóstolos.,"Boa opção de acesso imediato, gratuito e simples por YouTube.",não,30,https://www.youtube.com/watch?v=lYypfLor8-o,https://i.ytimg.com/vi/lYypfLor8-o/hqdefault.jpg,Gratuito,YouTube,https://www.youtube.com/watch?v=lYypfLor8-o,🏳️ A verificar,A verificar,Disponibilidade em português não confirmada,1,Assistir no YouTube
atos,Atos dos Apóstolos,"Igreja nascente, missão, Espírito Santo e expansão do Evangelho",Série,Atos dos Apóstolos — vídeo gratuito 2,,YouTube,YouTube,Segundo vídeo gratuito indicado pelo usuário como recurso de aprofundamento sobre Atos dos Apóstolos.,Amplia a oferta de material gratuito e de acesso fácil.,não,31,https://www.youtube.com/watch?v=xHhBenEvYo0,https://i.ytimg.com/vi/xHhBenEvYo0/hqdefault.jpg,Gratuito,YouTube,https://www.youtube.com/watch?v=xHhBenEvYo0,🏳️ A verificar,A verificar,Disponibilidade em português não confirmada,1,Assistir no YouTube
atos,Atos dos Apóstolos,"Igreja nascente, missão, Espírito Santo e expansão do Evangelho",Série,Atos dos Apóstolos — vídeo com legenda automática,,YouTube,YouTube,Terceiro vídeo gratuito indicado pelo usuário. Observação do usuário: possui legenda automática.,Útil quando se deseja acesso rápido com legenda automática.,sim,32,https://www.youtube.com/watch?v=CSF_sPF0_oQ,https://i.ytimg.com/vi/CSF_sPF0_oQ/hqdefault.jpg,Gratuito,YouTube,https://www.youtube.com/watch?v=CSF_sPF0_oQ,🏳️ A verificar,Legenda automática,O usuário informou que há legenda automática,1,Assistir no YouTube
atos,Atos dos Apóstolos,"Igreja nascente, missão, Espírito Santo e expansão do Evangelho",Série,Atos dos Apóstolos — vídeo gratuito 4,,YouTube,YouTube,Quarto vídeo gratuito indicado pelo usuário como possibilidade de aprofundamento.,Mantém uma rota simples de acesso gratuito e imediato.,não,33,https://www.youtube.com/watch?v=y3fSJYdbfrU,https://i.ytimg.com/vi/y3fSJYdbfrU/hqdefault.jpg,Gratuito,YouTube,https://www.youtube.com/watch?v=y3fSJYdbfrU,🏳️ A verificar,A verificar,Disponibilidade em português não confirmada,1,Assistir no YouTube
atos,Atos dos Apóstolos,"Igreja nascente, missão, Espírito Santo e expansão do Evangelho",Série,São Pedro,2005,2 × 90 min,Lux Vide / RAI,"A trajetória de São Pedro e da comunidade cristã nascente, da Galileia à expansão da Igreja e ao testemunho em Roma.",Complementa a visão de Atos ao destacar Pedro e a comunhão da Igreja nascente.,não,80,https://luxvide.it/en/san-pietro/,https://images.weserv.nl/?url=luxvide.it/wp-content/uploads/2022/06/800x1140_religione_San_Pietro_en-360x510.jpg&w=520&h=700&fit=contain&we,Página informativa,Lux Vide,https://luxvide.it/en/san-pietro/,🇬🇧/🇮🇹 EN/IT,Não identificado,Link informativo; disponibilidade em português não indicada,7,Ver detalhes
atos,Atos dos Apóstolos,"Igreja nascente, missão, Espírito Santo e expansão do Evangelho",Série,Lectio: Evangelization and the Acts of the Apostles,,10 episódios,Dr. Mary Healy / FORMED,"Estudo bíblico católico em dez episódios sobre Atos, evangelização, Pentecostes, querigma, sacramentos, carismas, liderança e missão.","Une leitura bíblica, ensinamento da Igreja e aplicação missionária contemporânea.",não,90,https://watch.formed.org/lectio-evangelization-with-dr-mary-healy,https://images.weserv.nl/?url=vhx.imgix.net/testymctester/assets/3763c73b-b021-4c61-bcc3-b966b89b96a0-48a8e911.jpg?auto=format%2Ccompress&fit=crop&h=720&q=80&w=1280&w=520&h=700&fit=contain&we,Assinatura,FORMED,https://watch.formed.org/lectio-evangelization-with-dr-mary-healy,🇺🇸 EN,Não identificado,Sem confirmação de áudio ou legenda em português,8,Abrir no serviço
atos,Atos dos Apóstolos,"Igreja nascente, missão, Espírito Santo e expansão do Evangelho",Documentário,Paul: Contending for the Faith,,1h33,Stephen Ray / FORMED,"Peregrinação documental pelos lugares ligados à vida e às viagens missionárias de São Paulo: Israel, Síria, Turquia, Grécia e Itália.",Transforma a geografia de Atos em algo concreto e ajuda a visualizar o alcance das viagens missionárias.,não,80,https://watch.formed.org/footprints-of-god-with-stephen-ray/videos/paul-contending-for-the-faith,https://images.weserv.nl/?url=vhx.imgix.net/testymctester/assets/c2eef0c4-3b9c-40b9-88db-c25a35faf6c1-cf308d58.jpg?auto=format%2Ccompress&fit=crop&h=720&q=80&w=1280&w=520&h=700&fit=contain&we,Assinatura,FORMED,https://watch.formed.org/footprints-of-god-with-stephen-ray/videos/paul-contending-for-the-faith,🇺🇸 EN,Não identificado,Sem confirmação de áudio ou legenda em português,8,Abrir no serviço
atos,Atos dos Apóstolos,"Igreja nascente, missão, Espírito Santo e expansão do Evangelho",Documentário,Peter: Keeper of the Keys,,1h06,Stephen Ray / FORMED,"Peregrinação documental pela trajetória de São Pedro, da Galileia a Jerusalém e Roma, abordando também primado e sucessão apostólica.",Ajuda a compreender a dimensão eclesial e petrina da Igreja nascente.,não,90,https://watch.formed.org/footprints-of-god-with-stephen-ray/videos/peter-keeper-of-the-keys,https://images.weserv.nl/?url=vhx.imgix.net/testymctester/assets/c2eef0c4-3b9c-40b9-88db-c25a35faf6c1-cf308d58.jpg?auto=format%2Ccompress&fit=crop&h=720&q=80&w=1280&w=520&h=700&fit=contain&we,Assinatura,FORMED,https://watch.formed.org/footprints-of-god-with-stephen-ray/videos/peter-keeper-of-the-keys,🇺🇸 EN,Não identificado,Sem confirmação de áudio ou legenda em português,8,Abrir no serviço
atos,Atos dos Apóstolos,"Igreja nascente, missão, Espírito Santo e expansão do Evangelho",Leitura,Atos dos Apóstolos — Bíblia Sagrada,,28 capítulos,Bíblia Pastoral / Paulus,"Leitura online de Atos em português, capítulo a capítulo, com introdução e notas.",É a fonte principal de toda a formação e o melhor ponto de partida.,não,10,https://biblia.paulus.com.br/biblia-pastoral/novo-testamento/atos-dos-apostolos,https://images.weserv.nl/?url=editorapaulus.vtexassets.com/arquivos/ids/156303-600-auto?aspect=true&height=auto&v=637904601715370000&width=600&w=520&h=700&fit=contain&we,Gratuito,Paulus,https://biblia.paulus.com.br/biblia-pastoral/novo-testamento/atos-dos-apostolos,🇬🇷 GR,Sim,Leitura em português,1,Ler online
atos,Atos dos Apóstolos,"Igreja nascente, missão, Espírito Santo e expansão do Evangelho",Leitura,Bíblia Católica em português — aplicativo Catho+,,App,Catho+,"Aplicativo católico com Bíblia em português, incluindo Ave Maria e Bíblia de Jerusalém, além de leitura offline e recursos de estudo.",É uma forma prática de levar a Bíblia Católica no celular e continuar a leitura de Atos depois da formação.,não,20,https://www.cathoplus.com/pt/,https://images.weserv.nl/?url=www.cathoplus.com/assets/img/screenshots5.png&w=520&h=700&fit=contain&we,Gratuito / freemium,Catho+,https://www.cathoplus.com/pt/,🇧🇷 PT,Sim,Interface e conteúdo em português,1,Abrir app/site
atos,Atos dos Apóstolos,"Igreja nascente, missão, Espírito Santo e expansão do Evangelho",Leitura,Os Atos dos Apóstolos — Catequeses do Papa Francisco,2020,80 páginas,Paulus,"Coletânea das catequeses do Papa Francisco sobre Atos, destacando a ação da Palavra de Deus e do Espírito Santo na evangelização.",Oferece uma leitura pastoral diretamente ligada ao Magistério contemporâneo.,não,60,https://www.paulus.com.br/portal/releases/os-atos-dos-apostolos-papa-francisco/,https://images.weserv.nl/?url=www.paulus.com.br/portal/wp-content/uploads/2020/10/atos-dos-apostolos.jpg&w=520&h=700&fit=contain&we,Página informativa,Paulus,https://www.paulus.com.br/portal/releases/os-atos-dos-apostolos-papa-francisco/,🇧🇷 PT,Sim,Página informativa sobre a obra,4,Ver detalhes
atos,Atos dos Apóstolos,"Igreja nascente, missão, Espírito Santo e expansão do Evangelho",Leitura,O Livro dos Atos dos Apóstolos,2016,152 páginas,Paulus,"Comentário bíblico católico com notas históricas, culturais, geográficas e teológicas, referências aos Padres da Igreja e questões para estudo.",É uma excelente ponte entre leitura acessível e estudo bíblico católico mais aprofundado.,não,80,https://www.loja.paulus.com.br/o-livro-dos-atos-dos-apostolos/p,https://images.weserv.nl/?url=editorapaulus.vtexassets.com/arquivos/ids/158593-600-auto?aspect=true&height=auto&v=637908970541100000&width=600&w=520&h=700&fit=contain&we,Compra,Loja Paulus,https://www.loja.paulus.com.br/o-livro-dos-atos-dos-apostolos/p,🇧🇷 PT,Sim,Livro em português,6,Ver livro
atos,Atos dos Apóstolos,"Igreja nascente, missão, Espírito Santo e expansão do Evangelho",Leitura,Como Ler os Atos dos Apóstolos — O caminho do Evangelho,1993,224 páginas,Paulus,"Introdução acessível ao livro de Atos, compreendido como continuação do Evangelho de Lucas e caminho missionário de Jerusalém aos confins da terra.",Boa opção para quem deseja avançar além da leitura bíblica sem entrar imediatamente em um comentário técnico.,não,90,https://loja.paulus.com.br/como-ler-os-atos-dos-apostolos-o-caminho-do-evangelho/p,https://images.weserv.nl/?url=editorapaulus.vtexassets.com/arquivos/ids/160220-600-auto?aspect=true&height=auto&v=637920426617030000&width=600&w=520&h=700&fit=contain&we,Compra,Loja Paulus,https://loja.paulus.com.br/como-ler-os-atos-dos-apostolos-o-caminho-do-evangelho/p,🇧🇷 PT,Sim,Livro em português,6,Ver livro
